City_ID,City,Country,Date,Lat,Lng,Max Temp,Humidity,Cloudiness,Wind Speed
0,Balkanabat,TM,2021-12-27 23:38:26,39.5108,54.3671,42.3,44,17,2.62
1,Albany,US,2021-12-27 23:36:00,42.6001,-73.9662,32.09,78,100,4.38
2,Constitucion,CL,2021-12-27 23:38:27,-35.3333,-72.4167,60.08,85,89,3.09
3,Hermanus,ZA,2021-12-27 23:38:27,-34.4187,19.2345,63.9,82,41,11.54
4,Port Hardy,CA,2021-12-27 23:38:27,50.6996,-127.4199,24.76,86,75,13.8
5,Mataura,NZ,2021-12-27 23:38:28,-46.1927,168.8643,57.47,40,98,6.53
6,Bredasdorp,ZA,2021-12-27 23:34:13,-34.5322,20.0403,60.12,82,39,4.61
7,Mayo,US,2021-12-27 23:38:29,38.8876,-76.5119,43.14,83,90,4.61
8,Castro,BR,2021-12-27 23:38:02,-24.7911,-50.0119,65.41,68,38,4.63
9,Punta Arenas,CL,2021-12-27 23:33:51,-53.15,-70.9167,53.11,46,8,25.97
10,Amapa,BR,2021-12-27 23:38:30,1.0,-52.0,72.27,99,72,2.68
11,Baneh,IR,2021-12-27 23:38:30,35.9975,45.8853,29.88,63,39,3.98
12,Katherine,AU,2021-12-27 23:38:31,-14.4667,132.2667,75.52,88,75,11.5
13,Mangan,IN,2021-12-27 23:38:31,27.5167,88.5333,46.9,49,67,7.02
14,Port Alfred,ZA,2021-12-27 23:38:32,-33.5906,26.891,67.03,89,100,19.26
15,Puerto Ayora,EC,2021-12-27 23:38:32,-0.7393,-90.3518,69.76,84,100,10.96
16,Cabo Rojo,PR,2021-12-27 23:38:33,18.0866,-67.1457,78.67,81,5,6.51
17,Ushuaia,AR,2021-12-27 23:38:33,-54.8,-68.3,44.26,76,75,20.71
18,Bambous Virieux,MU,2021-12-27 23:38:34,-20.3428,57.7575,77.25,83,40,3.44
19,Wanning,CN,2021-12-27 23:38:34,18.8003,110.3967,65.86,89,100,11.99
20,Carnarvon,AU,2021-12-27 23:38:35,-24.8667,113.6333,80.67,74,54,9.22
21,Cherskiy,RU,2021-12-27 23:38:35,68.75,161.3,-44.95,100,90,2.75
22,New Norfolk,AU,2021-12-27 23:38:36,-42.7826,147.0587,74.66,26,37,1.34
23,Butaritari,KI,2021-12-27 23:38:36,3.0707,172.7902,81.9,78,61,10.76
24,Hualmay,PE,2021-12-27 23:38:37,-11.0964,-77.6139,69.08,84,100,7.02
25,Nipawin,CA,2021-12-27 23:38:37,53.3668,-104.0009,-11.16,77,90,6.91
26,Lebu,CL,2021-12-27 23:38:38,-37.6167,-73.65,59.59,81,69,19.6
27,Hakkari,TR,2021-12-27 23:38:38,37.5833,44.1667,15.1,57,100,2.64
28,Alta Floresta,BR,2021-12-27 23:38:39,-9.8756,-56.0861,71.92,99,100,7.14
29,Rikitea,PF,2021-12-27 23:38:40,-23.1203,-134.9692,76.87,84,100,24.94
30,Avarua,CK,2021-12-27 23:38:41,-21.2078,-159.775,80.65,57,20,4.61
31,Dzhebariki-Khaya,RU,2021-12-27 23:38:41,62.2167,135.8,-56.99,99,88,0.78
32,Clyde River,CA,2021-12-27 23:38:42,70.4692,-68.5914,-14.57,76,20,6.91
33,Dikson,RU,2021-12-27 23:38:42,73.5069,80.5464,-2.88,86,89,14.61
34,Vaini,TO,2021-12-27 23:38:42,-21.2,-175.2,86.16,79,20,6.91
35,Cape Town,ZA,2021-12-27 23:38:43,-33.9258,18.4232,64.81,88,75,12.66
36,Rawson,AR,2021-12-27 23:38:43,-43.3002,-65.1023,71.6,50,12,15.86
37,Cidreira,BR,2021-12-27 23:38:44,-30.1811,-50.2056,72.46,77,3,10.58
38,Port Elizabeth,ZA,2021-12-27 23:38:44,-33.918,25.5701,67.1,88,0,12.66
39,Beaverlodge,CA,2021-12-27 23:38:44,55.2166,-119.4361,-29.85,93,97,0.56
40,Grand-Lahou,CI,2021-12-27 23:38:45,5.1367,-5.0242,79.97,83,24,8.19
41,Portland,US,2021-12-27 23:37:34,45.5234,-122.6762,32.58,86,75,1.01
42,Jamestown,US,2021-12-27 23:38:46,42.097,-79.2353,37.33,72,90,1.99
43,Yellowknife,CA,2021-12-27 23:35:01,62.456,-114.3525,-28.44,76,20,10.36
44,Okhotsk,RU,2021-12-27 23:38:46,59.3833,143.3,-20.69,80,95,18.48
45,Tuktoyaktuk,CA,2021-12-27 23:39:47,69.4541,-133.0374,-5.8,77,90,36.82
46,Barrow,US,2021-12-27 23:39:47,71.2906,-156.7887,-14.78,76,1,10.36
47,Mayahi,NE,2021-12-27 23:39:48,13.9553,7.6712,64.98,20,0,12.12
48,Lowestoft,GB,2021-12-27 23:39:48,52.4752,1.7516,49.44,97,59,15.82
49,Opuwo,NA,2021-12-27 23:39:49,-18.0607,13.84,62.76,37,2,5.84
50,Umea,SE,2021-12-27 23:39:49,63.8284,20.2597,4.93,85,90,3.44
51,Nishihara,JP,2021-12-27 23:39:50,26.1842,127.7558,58.28,83,75,5.75
52,Faanui,PF,2021-12-27 23:39:50,-16.4833,-151.75,80.38,65,6,3.4
53,Padang,ID,2021-12-27 23:35:00,-0.9492,100.3543,75.25,83,61,4.61
54,Sao Filipe,CV,2021-12-27 23:39:51,14.8961,-24.4956,76.68,62,2,11.45
55,Havelock,US,2021-12-27 23:39:51,34.8791,-76.9013,66.43,92,20,5.01
56,Bluff,NZ,2021-12-27 23:39:52,-46.6,168.3333,57.79,62,89,17.87
57,Saldanha,ZA,2021-12-27 23:39:52,-33.0117,17.9442,62.65,94,33,9.17
58,Avera,US,2021-12-27 23:39:53,33.194,-82.5271,69.67,69,42,11.97
59,Kontagora,NG,2021-12-27 23:39:53,10.3999,5.4695,73.8,22,29,5.17
60,Chandil,IN,2021-12-27 23:39:54,22.9667,86.05,63.88,72,50,2.15
61,Kyra,RU,2021-12-27 23:39:54,49.5776,111.9753,4.66,77,98,4.29
62,Tasiilaq,GL,2021-12-27 23:39:55,65.6145,-37.6368,12.36,80,5,5.08
63,Saint-Philippe,RE,2021-12-27 23:39:55,-21.3585,55.7679,74.75,83,78,8.34
64,Sorland,NO,2021-12-27 23:39:56,67.667,12.6934,30.27,88,100,13.2
65,Tiksi,RU,2021-12-27 23:39:56,71.6872,128.8694,-16.06,100,100,5.7
66,Chuy,UY,2021-12-27 23:39:57,-33.6971,-53.4616,63.28,80,0,6.2
67,Thinadhoo,MV,2021-12-27 23:39:57,0.5333,72.9333,80.42,77,58,10.83
68,Bengkulu,ID,2021-12-27 23:39:58,-3.8004,102.2655,76.05,87,54,4.23
69,Arraial Do Cabo,BR,2021-12-27 23:39:58,-22.9661,-42.0278,71.46,94,75,3.44
70,Glyadyanskoye,RU,2021-12-27 23:39:58,54.9075,65.0883,-7.37,100,17,4.38
71,Norman Wells,CA,2021-12-27 23:39:59,65.282,-126.8329,6.84,72,90,21.85
72,Badiraguato,MX,2021-12-27 23:39:59,25.3667,-107.5167,79.7,38,3,3.04
73,Mount Isa,AU,2021-12-27 23:40:00,-20.7333,139.5,85.77,51,100,6.91
74,San Rafael,AR,2021-12-27 23:37:44,-34.6177,-68.3301,81.82,36,62,19.82
75,Sonoita,MX,2021-12-27 23:40:00,31.85,-112.8333,57.52,59,100,17.05
76,Caravelas,BR,2021-12-27 23:40:01,-17.7125,-39.2481,73.8,96,99,9.15
77,Baculin,PH,2021-12-27 23:40:01,7.4525,126.5842,79.54,81,100,10.0
78,Iowa City,US,2021-12-27 23:35:46,41.6611,-91.5302,35.15,66,1,5.75
79,Severnyy,RU,2021-12-27 23:40:02,50.677,36.5532,1.44,85,34,2.24
80,Kapaa,US,2021-12-27 23:35:12,22.0752,-159.319,82.38,70,20,3.0
81,Severo-Kurilsk,RU,2021-12-27 23:40:03,50.6789,156.125,31.6,94,100,12.1
82,Anito,PH,2021-12-27 23:40:03,12.4497,125.2886,76.98,87,99,17.18
83,Owando,CG,2021-12-27 23:40:04,-0.4819,15.8999,70.99,95,100,2.51
84,Thompson,CA,2021-12-27 23:36:05,55.7435,-97.8558,-12.84,70,90,11.5
85,Batagay-Alyta,RU,2021-12-27 23:40:04,67.8006,130.4114,-20.11,94,98,6.4
86,Hithadhoo,MV,2021-12-27 23:40:05,-0.6,73.0833,81.19,75,88,9.01
87,Busselton,AU,2021-12-27 23:40:05,-33.65,115.3333,81.05,38,31,9.13
88,Hasaki,JP,2021-12-27 23:40:06,35.7333,140.8333,34.2,47,13,19.26
89,Akdepe,TM,2021-12-27 23:40:07,42.0551,59.3788,24.8,82,94,9.1
90,Baykit,RU,2021-12-27 23:40:07,61.67,96.37,-18.98,99,23,2.37
91,Carnot,CF,2021-12-27 23:40:08,4.9409,15.8665,72.88,42,74,2.37
92,Senneterre,CA,2021-12-27 23:41:08,48.3835,-77.2328,5.22,88,100,5.53
93,Mineiros,BR,2021-12-27 23:41:09,-17.5694,-52.5511,74.73,60,52,3.15
94,College,US,2021-12-27 23:41:09,64.8569,-147.8028,19.35,70,75,0.0
95,Ancud,CL,2021-12-27 23:41:10,-41.8697,-73.8203,63.93,85,25,7.63
96,Yerbogachen,RU,2021-12-27 23:41:10,61.2767,108.0108,-17.14,93,94,3.65
97,La Tuque,CA,2021-12-27 23:41:11,47.4334,-72.7824,8.85,72,100,1.14
98,Tuatapere,NZ,2021-12-27 23:41:11,-46.1333,167.6833,58.82,51,100,6.35
99,Atuona,PF,2021-12-27 23:41:12,-9.8,-139.0333,79.68,71,81,18.28
100,East London,ZA,2021-12-27 23:41:12,-33.0153,27.9116,66.97,78,100,13.33
101,Balykshi,KZ,2021-12-27 23:41:13,47.0667,51.8667,28.4,93,75,11.18
102,Nikolskoye,RU,2021-12-27 23:41:13,59.7035,30.7861,3.78,100,89,3.29
103,Dubbo,AU,2021-12-27 23:41:14,-32.25,148.6167,71.73,56,90,18.41
104,Luderitz,NA,2021-12-27 23:41:14,-26.6481,15.1594,63.41,91,18,8.41
105,Merauke,ID,2021-12-27 23:41:15,-8.4667,140.3333,84.83,70,78,12.3
106,Tuy Hoa,VN,2021-12-27 23:39:54,13.0833,109.3,74.14,94,99,13.35
107,Pevek,RU,2021-12-27 23:41:16,69.7008,170.3133,-31.67,100,70,3.91
108,Hovd,MN,2021-12-27 23:41:16,48.0056,91.6419,-2.85,75,53,1.77
109,Longyearbyen,SJ,2021-12-27 23:41:16,78.2186,15.6401,6.64,66,0,9.22
110,Ponta Do Sol,PT,2021-12-27 23:41:17,32.6667,-17.1,65.71,83,38,1.72
111,Lagoa,PT,2021-12-27 23:41:17,39.05,-27.9833,64.56,84,88,26.62
112,Bosaso,SO,2021-12-27 23:41:18,11.2842,49.1816,73.2,76,18,4.63
113,Emerald,AU,2021-12-27 23:41:18,-23.5333,148.1667,80.74,65,75,8.05
114,Altay,CN,2021-12-27 23:41:19,47.8667,88.1167,10.94,70,84,2.62
115,Chabahar,IR,2021-12-27 23:41:19,25.2919,60.643,70.14,70,46,7.09
116,Asyut,EG,2021-12-27 23:41:20,27.181,31.1837,50.18,55,86,8.48
117,Mar Del Plata,AR,2021-12-27 23:38:53,-38.0023,-57.5575,69.82,87,0,21.0
118,Mahebourg,MU,2021-12-27 23:41:20,-20.4081,57.7,77.29,83,40,3.44
119,Hobart,AU,2021-12-27 23:41:21,-42.8794,147.3294,75.02,54,40,1.99
120,Acarau,BR,2021-12-27 23:41:21,-2.8856,-40.12,80.46,80,68,12.86
121,Komsomolskiy,UZ,2021-12-27 23:41:22,40.4272,71.7189,34.52,80,75,2.3
122,Harper,LR,2021-12-27 23:41:22,4.375,-7.7169,80.08,81,46,6.15
123,Krasnoselkup,RU,2021-12-27 23:41:23,65.7,82.4667,0.77,91,39,20.56
124,Kailua,US,2021-12-27 23:41:23,21.4022,-157.7394,80.58,70,75,10.36
125,Margarita,PA,2021-12-27 23:41:24,9.3314,-79.8889,83.97,74,64,11.99
126,Cabo San Lucas,MX,2021-12-27 23:41:24,22.8909,-109.9124,82.51,73,12,9.26
127,Coahuayana,MX,2021-12-27 23:41:25,18.7333,-103.6833,79.16,68,0,4.88
128,Svetlogorsk,BY,2021-12-27 23:41:25,52.6333,29.7333,12.99,97,67,3.91
129,Pangody,RU,2021-12-27 23:41:26,65.85,74.4859,6.51,94,100,17.22
130,Bang Saphan,TH,2021-12-27 23:41:26,11.2126,99.5117,71.55,83,5,5.39
131,Sandviken,SE,2021-12-27 23:41:27,60.6167,16.7667,24.44,88,100,5.23
132,Pisco,PE,2021-12-27 23:41:27,-13.7,-76.2167,71.65,78,40,18.41
133,Bud,US,2021-12-27 23:41:28,39.447,-86.1758,58.42,84,100,10.58
134,Kiunga,PG,2021-12-27 23:41:28,-6.1219,141.2906,82.87,79,100,0.65
135,Niltepec,MX,2021-12-27 23:41:29,16.5667,-94.6167,74.73,60,0,3.96
136,Upernavik,GL,2021-12-27 23:41:29,72.7868,-56.1549,-4.63,74,95,6.62
137,Dingle,PH,2021-12-27 23:41:30,10.9995,122.6711,76.12,89,95,13.67
138,Vestmanna,FO,2021-12-27 23:41:30,62.1564,-7.1664,40.12,100,90,0.0
139,Chapleau,CA,2021-12-27 23:41:30,47.8405,-83.4034,10.49,85,90,10.36
140,Cherepovets,RU,2021-12-27 23:42:31,59.1333,37.9,1.22,85,20,2.24
141,Saskylakh,RU,2021-12-27 23:42:32,71.9167,114.0833,-29.43,100,94,4.25
142,Tiarei,PF,2021-12-27 23:42:32,-17.5333,-149.3333,82.42,69,98,4.76
143,Leningradskiy,RU,2021-12-27 23:42:33,69.3833,178.4167,-31.38,99,48,4.56
144,Yumen,CN,2021-12-27 23:42:33,40.2833,97.2,15.85,66,100,17.29
145,Ayna,PE,2021-12-27 23:42:34,-12.65,-73.9167,90.1,85,100,0.43
146,Zabaykalsk,RU,2021-12-27 23:42:34,49.6333,117.3167,-9.94,97,20,5.32
147,Broken Hill,AU,2021-12-27 23:42:35,-31.95,141.4333,73.11,38,0,16.11
148,Le Port,RE,2021-12-27 23:42:35,-20.9373,55.2919,75.16,84,66,1.88
149,Nanortalik,GL,2021-12-27 23:42:36,60.1432,-45.2371,25.3,68,5,6.96
150,Kruisfontein,ZA,2021-12-27 23:42:36,-34.0033,24.7314,63.88,93,100,10.07
151,Victoria,HK,2021-12-27 23:41:39,22.2855,114.1577,58.24,82,99,3.0
152,Havoysund,NO,2021-12-27 23:42:37,70.9963,24.6622,22.08,74,100,5.26
153,Trairi,BR,2021-12-27 23:40:35,-3.2778,-39.2689,80.26,80,86,9.48
154,Coihaique,CL,2021-12-27 23:42:37,-45.5752,-72.0662,61.41,49,1,6.31
155,Pailon,BO,2021-12-27 23:42:38,-17.65,-62.75,92.88,70,8,4.94
156,Oistins,BB,2021-12-27 23:42:38,13.0667,-59.5333,77.09,73,20,11.5
157,Torbay,CA,2021-12-27 23:42:39,47.6666,-52.7314,36.57,96,90,20.71
158,Juazeirinho,BR,2021-12-27 23:42:39,-6.8167,-38.05,81.01,66,100,2.46
159,Bukachacha,RU,2021-12-27 23:42:40,52.9833,116.9167,-6.43,96,100,3.06
160,Livingston,GB,2021-12-27 23:42:41,55.9029,-3.5226,41.25,93,90,1.14
161,Souillac,MU,2021-12-27 23:42:41,-20.5167,57.5167,77.38,83,40,3.44
162,Vanimo,PG,2021-12-27 23:42:41,-2.6741,141.3028,79.14,88,100,3.44
163,Narsaq,GL,2021-12-27 23:42:42,60.9167,-46.05,19.62,56,0,7.0
164,Keuruu,FI,2021-12-27 23:42:42,62.2667,24.7,14.81,99,79,4.07
165,Chengde,CN,2021-12-27 23:42:43,40.9725,117.9361,17.17,38,0,2.93
166,Priladozhskiy,RU,2021-12-27 23:42:43,59.85,31.4833,2.86,1,93,4.61
167,Sakaiminato,JP,2021-12-27 23:42:44,35.55,133.2333,39.18,81,75,4.61
168,Santa Helena De Goias,BR,2021-12-27 23:42:44,-17.8136,-50.5969,77.16,55,41,3.78
169,Goure,NE,2021-12-27 23:42:45,13.9835,10.2704,67.01,21,1,10.63
170,Klaksvik,FO,2021-12-27 23:42:46,62.2266,-6.589,41.92,92,97,1.97
171,Yabelo,ET,2021-12-27 23:42:46,4.8833,38.0833,61.56,53,96,19.73
172,Road Town,VG,2021-12-27 23:40:49,18.4167,-64.6167,78.89,78,40,5.75
173,Aksu,CN,2021-12-27 23:42:47,41.1231,80.2644,21.58,64,92,2.04
174,Gamba,GA,2021-12-27 23:42:47,-2.65,10.0,76.66,89,96,5.48
175,Champoton,MX,2021-12-27 23:42:47,19.35,-90.7167,80.4,70,41,8.86
176,Linares,CL,2021-12-27 23:42:48,-35.85,-71.6,78.33,29,77,5.82
177,Andenes,NO,2021-12-27 23:42:48,69.3143,16.1194,28.38,80,98,16.11
178,Gold Coast,AU,2021-12-27 23:40:22,-28.0,153.4333,72.3,77,90,8.99
179,Tongzi,CN,2021-12-27 23:42:49,28.7829,105.0877,39.52,82,100,2.93
180,Buala,SB,2021-12-27 23:42:50,-8.145,159.5921,79.43,88,100,8.86
181,Kushiro,JP,2021-12-27 23:42:50,42.975,144.3747,14.95,67,20,6.91
182,Aklavik,CA,2021-12-27 23:42:50,68.2191,-135.0107,-4.97,88,100,24.18
183,Mirnyy,RU,2021-12-27 23:42:51,62.5353,113.9611,-6.77,76,100,8.99
184,Sisimiut,GL,2021-12-27 23:42:52,66.9395,-53.6735,13.8,73,57,5.7
185,Alvdal,NO,2021-12-27 23:43:52,62.1077,10.6307,-4.16,98,100,6.55
186,Kununurra,AU,2021-12-27 23:43:53,-15.7667,128.7333,82.38,61,86,3.44
187,Itoman,JP,2021-12-27 23:43:53,26.1247,127.6694,59.02,80,20,8.05
188,Nome,US,2021-12-27 23:43:54,64.5011,-165.4064,19.47,68,90,11.5
189,Camacha,PT,2021-12-27 23:43:54,33.0833,-16.3333,63.82,68,40,4.61
190,Wexford,IE,2021-12-27 23:43:54,52.3342,-6.4575,48.58,96,90,8.79
191,Hilo,US,2021-12-27 23:46:11,19.7297,-155.09,76.12,29,100,6.93
192,Morogoro,TZ,2021-12-27 23:50:36,-6.8167,37.6667,69.93,97,86,1.07
193,Isangel,VU,2021-12-27 23:50:36,-19.55,169.2667,87.91,74,40,5.75
194,Siyabuswa,ZA,2021-12-27 23:50:37,-25.1132,29.0445,63.99,95,98,4.14
195,Cookeville,US,2021-12-27 23:47:25,36.1628,-85.5016,64.53,97,90,3.0
196,Half Moon Bay,US,2021-12-27 23:46:56,37.4636,-122.4286,50.83,74,75,5.01
197,Ankang,CN,2021-12-27 23:50:39,32.68,109.0172,38.66,58,39,0.94
198,Svetlaya,RU,2021-12-27 23:50:39,46.5389,138.3297,-2.25,73,20,9.8
199,Vila Franca Do Campo,PT,2021-12-27 23:50:40,37.7167,-25.4333,67.19,94,79,24.27
200,Coos Bay,US,2021-12-27 23:50:40,43.3665,-124.2179,37.38,94,75,9.22
201,Sao Joao Da Barra,BR,2021-12-27 23:50:41,-21.6403,-41.0511,75.47,91,6,6.55
202,Kavaratti,IN,2021-12-27 23:50:42,10.5669,72.642,79.81,71,18,7.52
203,Saint-Francois,FR,2021-12-27 23:50:42,46.4154,3.9054,48.67,86,90,13.8
204,Ngunguru,NZ,2021-12-27 23:50:43,-35.6167,174.5,66.24,96,100,7.2
205,Grants,US,2021-12-27 23:50:43,35.1473,-107.8514,41.23,28,75,13.8
206,Lulea,SE,2021-12-27 23:50:44,65.5842,22.1547,-5.73,84,83,1.14
207,Luzhou,CN,2021-12-27 23:50:44,28.8724,105.4405,41.05,84,100,1.48
208,Noumea,NC,2021-12-27 23:50:45,-22.2763,166.4572,85.98,99,99,7.36
209,Port Lincoln,AU,2021-12-27 23:50:45,-34.7333,135.8667,63.9,64,8,19.86
210,Hays,US,2021-12-27 23:50:46,30.0502,-98.0336,76.59,75,15,1.01
211,Westport,US,2021-12-27 23:50:47,41.1415,-73.3579,37.45,71,90,1.01
212,Asosa,ET,2021-12-27 23:50:47,10.0667,34.5333,65.97,49,64,3.62
213,Aykhal,RU,2021-12-27 23:50:48,66.0,111.5,-19.59,98,100,8.03
214,Ketchikan,US,2021-12-27 23:50:48,55.3422,-131.6461,22.98,93,90,0.0
215,Georgetown,MY,2021-12-27 23:50:48,5.4112,100.3354,78.73,85,20,1.99
216,Ponta Delgada,PT,2021-12-27 23:46:30,37.7333,-25.6667,68.5,94,75,23.02
217,Ilulissat,GL,2021-12-27 23:50:49,69.2167,-51.1,-1.68,75,32,4.59
218,Tolaga Bay,NZ,2021-12-27 23:50:49,-38.3667,178.3,68.9,77,100,8.99
219,Airai,TL,2021-12-27 23:50:50,-8.9266,125.4092,64.58,83,100,4.0
220,Katsuura,JP,2021-12-27 23:50:51,35.1333,140.3,47.1,48,2,12.97
221,Kollam,IN,2021-12-27 23:50:51,8.8833,76.6,75.07,83,58,9.37
222,Khatanga,RU,2021-12-27 23:50:51,71.9667,102.5,-31.23,100,62,4.72
223,Lumeje,AO,2021-12-27 23:50:52,-11.55,20.7833,65.97,93,100,1.59
224,Caraquet,CA,2021-12-27 23:50:53,47.7941,-64.9386,28.94,88,23,6.26
225,Teguldet,RU,2021-12-27 23:50:53,57.3064,88.1667,18.55,95,100,5.75
226,Aswan,EG,2021-12-27 23:50:54,24.0934,32.907,58.3,38,0,8.05
227,Dalby,AU,2021-12-27 23:50:54,-27.1833,151.2667,74.1,55,69,25.52
228,Kodiak,US,2021-12-27 23:50:55,57.79,-152.4072,45.91,71,90,3.44
229,Port Macquarie,AU,2021-12-27 23:50:55,-31.4333,152.9167,66.16,62,100,12.55
230,Qaanaaq,GL,2021-12-27 23:51:56,77.484,-69.3632,-4.52,54,61,8.08
231,La Rioja,ES,2021-12-27 23:51:56,42.25,-2.5,47.98,73,50,6.4
232,Puerto Ayacucho,VE,2021-12-27 23:51:56,5.6639,-67.6236,85.78,49,65,4.16
233,Santander Jimenez,MX,2021-12-27 23:51:57,24.2167,-98.4667,76.42,56,0,13.76
234,Agirish,RU,2021-12-27 23:51:57,61.9247,63.0231,0.01,99,97,3.51
235,Fujin,CN,2021-12-27 23:51:58,47.26,132.0322,-10.43,86,6,9.06
236,Willowmore,ZA,2021-12-27 23:51:59,-33.2926,23.4895,62.15,60,100,3.11
237,Codrington,AU,2021-12-27 23:51:59,-38.2667,141.9667,66.4,52,5,15.01
238,Mayumba,GA,2021-12-27 23:51:59,-3.432,10.6554,76.3,88,91,6.15
239,Verkhnevilyuysk,RU,2021-12-27 23:52:00,63.4453,120.3167,-11.69,98,100,4.92
240,Voh,NC,2021-12-27 23:52:01,-20.9667,164.7,88.34,60,100,3.22
241,Pangai,TO,2021-12-27 23:52:01,-19.8,-174.35,84.31,70,20,4.61
242,Balad,IQ,2021-12-27 23:52:02,34.0164,44.1453,46.36,43,0,8.5
243,San Joaquin,US,2021-12-27 23:52:03,37.9333,-121.3011,50.63,72,75,14.97
244,Marawi,PH,2021-12-27 23:52:03,7.9986,124.2928,68.65,90,96,2.42
245,Eyl,SO,2021-12-27 23:52:03,7.9803,49.8164,73.24,76,87,10.58
246,Batagay,RU,2021-12-27 23:52:04,67.6333,134.6333,-43.64,99,97,1.92
247,Northam,GB,2021-12-27 23:52:05,51.0333,-4.2167,51.42,98,75,18.12
248,Juneau,US,2021-12-27 23:51:47,58.3019,-134.4197,26.65,94,20,0.0
249,Nabire,ID,2021-12-27 23:52:05,-3.3667,135.4833,79.66,84,100,1.45
250,Hajos,HU,2021-12-27 23:52:06,46.3986,19.1206,31.06,98,86,3.58
251,San Patricio,US,2021-12-27 23:52:06,28.017,-97.5169,80.58,73,5,17.02
252,Namatanai,PG,2021-12-27 23:52:07,-3.6667,152.4333,85.37,70,78,7.78
253,Comodoro Rivadavia,AR,2021-12-27 23:52:07,-45.8667,-67.5,67.86,64,0,14.97
254,Gat,IL,2021-12-27 23:52:00,31.61,34.7642,57.4,62,67,3.6
255,Prince Rupert,CA,2021-12-27 23:52:08,54.3161,-130.3201,22.69,85,90,3.44
256,Ahipara,NZ,2021-12-27 23:52:09,-35.1667,173.1667,67.95,88,100,3.04
257,Natal,BR,2021-12-27 23:49:48,-5.795,-35.2094,82.62,78,75,8.05
258,Provideniya,RU,2021-12-27 23:52:10,64.3833,-173.3,3.36,85,90,35.79
259,Wakkanai,JP,2021-12-27 23:52:10,45.4094,141.6739,15.78,92,90,4.61
260,Lompoc,US,2021-12-27 23:47:40,34.6391,-120.4579,55.85,87,90,9.22
261,Nouadhibou,MR,2021-12-27 23:52:11,20.931,-17.0347,67.57,69,4,13.85
262,Kitimat,CA,2021-12-27 23:52:11,54.0524,-128.6534,5.92,77,64,3.71
263,Bathsheba,BB,2021-12-27 23:52:12,13.2167,-59.5167,77.61,73,20,11.5
264,Lipkovo,MK,2021-12-27 23:52:12,42.1564,21.5853,48.29,93,88,1.9
265,Saint George,US,2021-12-27 23:52:13,37.1041,-113.5841,49.62,45,90,3.0
266,Akalgarh,IN,2021-12-27 23:52:13,29.8167,75.8833,52.09,60,100,5.66
267,Pangnirtung,CA,2021-12-27 23:52:14,66.1451,-65.7125,3.2,66,1,3.44
268,Fortuna,US,2021-12-27 23:52:14,40.5982,-124.1573,41.67,91,90,0.0
269,Iqaluit,CA,2021-12-27 23:52:15,63.7506,-68.5145,11.93,92,90,4.61
270,Inirida,CO,2021-12-27 23:52:15,3.8653,-67.9239,79.03,80,81,1.23
271,Inverell,AU,2021-12-27 23:52:15,-29.7833,151.1167,69.67,66,99,4.0
272,Kamyshin,RU,2021-12-27 23:52:16,50.0983,45.416,-5.84,99,26,4.9
273,Arinos,BR,2021-12-27 23:52:16,-15.9169,-46.1056,69.1,97,21,3.76
274,Port Blair,IN,2021-12-27 23:53:17,11.6667,92.75,78.94,77,12,11.48
275,Comarapa,BO,2021-12-27 23:53:17,-17.9,-64.4833,58.59,84,71,2.57
276,Birao,CF,2021-12-27 23:53:18,10.2849,22.7882,70.61,24,50,5.66
277,Kieta,PG,2021-12-27 23:53:18,-6.2167,155.6333,87.28,65,83,3.09
278,Rocha,UY,2021-12-27 23:49:26,-34.4833,-54.3333,59.18,88,0,3.18
279,Oil City,US,2021-12-27 23:53:19,41.4339,-79.7064,41.86,100,90,4.61
280,Bonthe,SL,2021-12-27 23:53:19,7.5264,-12.505,80.49,78,100,6.08
281,Lavrentiya,RU,2021-12-27 23:53:20,65.5833,-171.0,-1.77,97,100,15.59
282,Ribeira Grande,PT,2021-12-27 23:53:20,38.5167,-28.7,65.59,89,99,34.94
283,Gannavaram,IN,2021-12-27 23:53:21,16.5333,80.8,66.24,94,5,3.49
284,Davidson,US,2021-12-27 23:53:21,36.1501,-86.7833,68.36,81,90,8.01
285,Mega,ET,2021-12-27 23:53:22,4.05,38.3,62.51,52,89,13.56
286,Ust-Maya,RU,2021-12-27 23:53:22,60.4167,134.5333,-52.55,100,99,1.39
287,Nara,JP,2021-12-27 23:53:22,34.6851,135.8049,40.96,56,43,8.95
288,Dangriga,BZ,2021-12-27 23:53:23,16.9692,-88.2321,80.56,80,0,4.74
289,Killybegs,IE,2021-12-27 23:53:23,54.6333,-8.45,43.45,90,100,5.99
290,Port Keats,AU,2021-12-27 23:53:24,-14.25,129.55,82.4,59,100,8.86
291,Darhan,MN,2021-12-27 23:53:24,49.4867,105.9228,-0.15,86,88,4.38
292,Srednekolymsk,RU,2021-12-27 23:53:25,67.45,153.6833,-41.93,100,100,2.17
293,Bethel,US,2021-12-27 23:50:48,41.3712,-73.414,34.99,72,90,3.44
294,Porecatu,BR,2021-12-27 23:53:26,-22.7558,-51.3792,90.07,49,73,5.79
295,Jackson,US,2021-12-27 23:51:22,42.4165,-122.8345,34.92,85,90,6.91
296,Lodja,CD,2021-12-27 23:53:26,-3.4833,23.4333,68.22,100,100,1.57
297,Saint-Augustin,CA,2021-12-27 23:53:27,51.226,-58.6502,34.16,78,100,14.34
298,Bulgan,MN,2021-12-27 23:53:28,48.8125,103.5347,1.47,69,82,4.29
299,Geraldton,AU,2021-12-27 23:53:28,-28.7667,114.6,95.41,11,7,17.27
300,Were Ilu,ET,2021-12-27 23:53:29,10.6,39.4333,47.71,63,95,5.41
301,Saint Anthony,US,2021-12-27 23:53:29,45.0205,-93.218,13.93,75,1,5.01
302,Beringovskiy,RU,2021-12-27 23:53:29,63.05,179.3167,7.77,96,100,16.51
303,Huesca,ES,2021-12-27 23:53:30,42.1362,-0.4087,56.97,88,0,1.99
304,La Roda,ES,2021-12-27 23:53:30,39.2167,-2.15,52.9,77,16,22.39
305,Naze,JP,2021-12-27 23:53:31,28.3667,129.4833,52.72,60,99,9.93
306,Sinfra,CI,2021-12-27 23:53:32,6.6167,-5.9167,74.57,85,26,4.12
307,La Orilla,MX,2021-12-27 23:53:32,17.9833,-102.2333,78.58,67,0,5.95
308,Taipu,BR,2021-12-27 23:53:33,-5.6217,-35.5967,82.53,78,86,9.55
309,Kenora,CA,2021-12-27 23:53:33,49.8167,-94.4337,12.18,85,90,6.91
310,Mbandaka,CD,2021-12-27 23:53:34,0.0487,18.2603,71.82,97,100,4.38
311,Shellbrook,CA,2021-12-27 23:53:34,53.2168,-106.4011,-19.17,100,93,5.48
312,Iwanai,JP,2021-12-27 23:53:35,42.9744,140.5089,22.89,81,100,13.42
313,Teguise,ES,2021-12-27 23:53:35,29.0605,-13.564,62.82,77,75,10.36
314,Alice Springs,AU,2021-12-27 23:52:26,-23.7,133.8833,81.95,17,0,10.36
315,Goderich,CA,2021-12-27 23:50:38,43.7501,-81.7165,32.92,93,100,11.5
316,Abalak,RU,2021-12-27 23:53:36,58.1286,68.5944,13.1,91,100,9.75
317,Barpathar,IN,2021-12-27 23:53:36,26.3,93.8667,53.62,83,30,1.3
318,Madimba,TZ,2021-12-27 23:53:37,-10.4,40.3333,76.77,82,96,4.79
319,Tezu,IN,2021-12-27 23:53:37,27.9167,96.1667,57.69,56,100,3.15
320,Bulls,NZ,2021-12-27 23:53:38,-40.1667,175.3833,70.48,83,95,6.71
321,Zimovniki,RU,2021-12-27 23:53:38,47.1483,42.4633,27.25,97,100,10.94
322,Sept-Iles,CA,2021-12-27 23:59:46,50.2001,-66.3821,27.12,74,75,6.91
323,Vestmannaeyjar,IS,2021-12-27 23:59:47,63.4427,-20.2734,32.27,66,24,5.1
324,Shelopugino,RU,2021-12-27 23:59:47,51.6514,117.5599,-10.41,100,100,1.68
325,Sao Goncalo Do Amarante,BR,2021-12-27 23:57:33,-3.6072,-38.9683,82.44,81,90,7.11
326,Mana,GF,2021-12-27 23:59:48,5.6592,-53.7767,76.64,92,63,6.08
327,Karaton,ID,2021-12-27 23:59:48,-6.3424,106.1045,81.95,87,80,0.74
328,Guayaramerin,BO,2021-12-27 23:59:49,-10.8368,-65.3614,77.65,86,82,0.72
329,Bara,NG,2021-12-27 23:59:49,10.3744,10.7288,69.35,25,3,8.41
330,Lujan,AR,2021-12-27 23:59:50,-34.5703,-59.105,81.68,70,21,13.44
331,Evensk,RU,2021-12-27 23:59:50,61.95,159.2333,0.64,73,100,14.47
332,Morondava,MG,2021-12-27 23:59:50,-20.2833,44.2833,79.57,80,99,4.16
333,Olafsvik,IS,2021-12-27 23:59:51,64.8945,-23.7142,30.83,68,85,28.25
334,Artyom,AZ,2021-12-27 23:59:51,40.4723,50.333,37.54,82,60,10.92
335,Eldorado,BR,2021-12-27 23:59:52,-23.7869,-54.2836,78.08,23,45,3.67
336,Vytegra,RU,2021-12-27 23:59:53,61.0064,36.4481,0.45,97,74,6.53
337,Whyalla,AU,2021-12-27 23:59:53,-33.0333,137.5833,67.89,56,0,16.11
338,Bollnas,SE,2021-12-27 23:59:54,61.3482,16.3946,18.28,95,100,3.53
339,Abu Dhabi,AE,2021-12-27 23:59:16,24.4667,54.3667,70.97,71,20,2.3
340,San Ignacio,BZ,2021-12-27 23:59:54,17.1561,-89.0714,87.94,62,20,0.0
341,Hofn,IS,2021-12-27 23:59:55,64.2539,-15.2082,28.92,65,1,20.58
342,Havre-Saint-Pierre,CA,2021-12-27 23:59:55,50.2334,-63.5986,34.16,75,90,5.75
343,Mapiripan,CO,2021-12-27 23:59:56,2.8892,-72.1256,81.0,55,93,5.73
344,Santo Augusto,BR,2021-12-27 23:59:56,-27.8508,-53.7772,80.06,32,10,9.93
345,Quatre Cocos,MU,2021-12-27 23:59:56,-20.2078,57.7625,77.11,77,73,10.2
346,Fairbanks,US,2021-12-27 23:59:57,64.8378,-147.7164,6.64,97,60,2.06
347,Sinnamary,GF,2021-12-27 23:59:58,5.3833,-52.95,77.41,91,85,7.18
348,Talnakh,RU,2021-12-27 23:59:58,69.4865,88.3972,-11.38,88,18,8.97
349,Buraydah,SA,2021-12-27 23:59:58,26.326,43.975,50.45,44,94,8.59
350,Abu Kamal,SY,2021-12-27 23:59:59,34.4506,40.9171,44.06,51,0,0.65
351,Guerrero Negro,MX,2021-12-27 23:59:59,27.9769,-114.0611,60.31,63,100,17.67
352,Deputatskiy,RU,2021-12-28 00:00:00,69.3,139.9,-31.09,100,98,3.69
353,San Felipe,VE,2021-12-28 00:00:00,10.3399,-68.7425,69.49,98,97,3.98
354,Walvis Bay,NA,2021-12-28 00:00:01,-22.9575,14.5053,64.09,83,36,6.69
355,Faya,SA,2021-12-28 00:00:02,18.3851,42.4509,52.56,60,1,1.9
356,Newport,GB,2021-12-28 00:00:03,51.5877,-2.9984,52.45,94,79,7.63
357,Minglanilla,PH,2021-12-28 00:00:06,10.2667,123.7667,77.05,81,61,8.03
358,Tamandare,BR,2021-12-28 00:00:07,-8.7597,-35.1047,78.37,85,93,7.36
359,Grafton,US,2021-12-28 00:00:09,42.207,-71.6856,32.83,75,99,2.57
360,Bahia De Caraquez,EC,2021-12-28 00:00:11,-0.6,-80.4167,75.56,84,100,9.51
361,Sola,VU,2021-12-28 00:00:11,-13.8833,167.55,82.58,72,83,7.58
362,Magadan,RU,2021-12-27 23:59:49,59.5667,150.8,-5.46,74,100,12.5
363,Sitka,US,2021-12-28 00:00:13,57.0531,-135.33,24.4,87,66,1.05
364,San Cristobal,VE,2021-12-28 00:00:15,7.7669,-72.225,68.38,95,94,2.51
365,Tonj,SS,2021-12-28 00:00:17,7.2737,28.6822,78.19,38,94,4.65
366,Chapais,CA,2021-12-28 00:01:17,49.7834,-74.8492,-1.32,96,85,3.87
367,Goba,ET,2021-12-28 00:01:18,7.0167,39.9833,48.45,62,100,2.82
368,Matara,LK,2021-12-28 00:01:18,5.9485,80.5353,71.06,88,42,6.98
369,Rundu,NA,2021-12-28 00:01:19,-17.9333,19.7667,71.49,61,61,5.48
370,Mezen,RU,2021-12-28 00:01:20,65.8522,44.24,-19.64,100,44,1.92
371,Aranda De Duero,ES,2021-12-28 00:01:20,41.6704,-3.6892,46.24,83,56,15.86
372,Lukiv,UA,2021-12-28 00:01:21,51.0521,25.4006,22.17,86,91,10.33
373,Houma,US,2021-12-27 23:59:46,29.5958,-90.7195,73.99,79,1,4.61
374,Nangong,CN,2021-12-28 00:01:21,37.3581,115.3744,22.86,42,0,6.08
375,Dauphin,CA,2021-12-28 00:01:22,51.1494,-100.0502,-5.66,71,90,19.57
376,Dhrangadhra,IN,2021-12-28 00:01:22,22.9833,71.4667,65.46,66,86,9.57
377,El Sauzal,MX,2021-12-28 00:01:23,31.9,-116.6833,55.42,69,97,11.48
378,Dauriya,RU,2021-12-28 00:01:23,49.9333,116.8667,-15.25,99,30,2.59
379,Lyantonde,UG,2021-12-28 00:01:24,-0.4031,31.1572,65.88,87,100,2.75
380,Tamworth,GB,2021-12-27 23:57:50,52.634,-1.6959,49.78,95,95,1.99
381,Almaznyy,RU,2021-12-28 00:01:25,48.0448,40.045,17.74,92,100,8.19
382,Aksarka,RU,2021-12-28 00:01:25,66.5606,67.7975,4.68,95,100,8.55
383,Miyazu,JP,2021-12-28 00:01:26,35.5333,135.1833,32.2,77,99,11.3
384,Gannan,CN,2021-12-28 00:01:26,47.9147,123.5031,-11.58,100,34,1.19
385,Xiaoyi,CN,2021-12-28 00:01:27,34.6178,109.703,26.06,42,1,3.8
386,Port Augusta,AU,2021-12-27 23:58:11,-32.5,137.7667,79.7,27,0,12.39
387,Ihosy,MG,2021-12-28 00:01:27,-22.4,46.1167,69.66,93,92,6.08
388,Chunhuhub,MX,2021-12-28 00:01:28,19.55,-88.6833,71.47,97,26,3.18
389,Porto Walter,BR,2021-12-28 00:01:29,-8.2686,-72.7439,82.4,69,100,1.99
390,Te Anau,NZ,2021-12-28 00:01:29,-45.4167,167.7167,55.74,53,64,3.71
391,Seydi,TM,2021-12-28 00:01:30,39.4816,62.9137,33.24,55,64,9.73
392,Christchurch,NZ,2021-12-27 23:59:26,-43.5333,172.6333,61.0,83,75,1.99
393,Espanola,US,2021-12-28 00:01:30,35.9911,-106.0806,44.08,50,100,9.62
394,Harlingen,US,2021-12-27 23:58:34,26.1906,-97.6961,78.33,89,0,17.36
395,Namalenga,TZ,2021-12-28 00:01:31,-10.95,39.1,67.33,94,63,3.13
396,Hambantota,LK,2021-12-28 00:01:31,6.1241,81.1185,72.1,85,67,11.95
397,Coquimbo,CL,2021-12-28 00:01:32,-29.9533,-71.3436,64.78,81,6,4.05
398,Ardakan,IR,2021-12-28 00:01:33,32.31,54.0175,42.3,43,0,1.01
399,Anloga,GH,2021-12-28 00:01:33,5.7947,0.8973,81.73,80,71,11.3
400,Tigil,RU,2021-12-28 00:01:34,57.8,158.6667,3.38,93,100,1.86
401,Strezhevoy,RU,2021-12-28 00:01:34,60.7333,77.5889,4.98,94,100,10.6
402,Banjar,ID,2021-12-28 00:01:35,-8.19,114.9675,80.46,79,80,5.17
403,Sioux Lookout,CA,2021-12-28 00:01:35,50.1001,-91.917,5.38,94,100,9.46
404,Troutdale,US,2021-12-28 00:01:36,45.5393,-122.3873,31.91,85,90,0.0
405,Humaita,BR,2021-12-28 00:01:36,-7.5061,-63.0208,76.08,98,100,3.33
406,Flinders,AU,2021-12-28 00:01:37,-34.5833,150.8552,68.2,58,91,12.19
407,Odesskoye,RU,2021-12-28 00:01:37,54.2111,72.9651,19.87,93,100,14.88
408,Tautira,PF,2021-12-28 00:01:38,-17.7333,-149.15,82.42,68,79,3.83
409,Alberobello,IT,2021-12-28 00:01:38,40.7859,17.2372,50.72,93,100,6.85
410,Daru,PG,2021-12-28 00:01:39,-9.0763,143.2092,83.57,77,87,2.8
411,Biak,ID,2021-12-28 00:01:39,-0.9131,122.8766,80.56,72,99,5.79
412,Elko,US,2021-12-28 00:00:27,41.0002,-115.5012,21.74,81,100,7.0
413,Vila Velha,BR,2021-12-28 00:02:29,-20.3297,-40.2925,78.94,77,49,7.96
414,Yaring,TH,2021-12-28 00:02:40,6.8662,101.3689,78.3,87,70,5.32
415,Celestun,MX,2021-12-28 00:02:41,20.8667,-90.4,79.21,74,87,4.34
416,Sangar,RU,2021-12-28 00:02:42,63.9242,127.4739,-53.88,99,60,2.26
417,Alofi,NU,2021-12-28 00:02:42,-19.0595,-169.9187,80.2,71,100,5.28
418,Thunder Bay,CA,2021-12-28 00:02:43,48.4001,-89.3168,26.56,90,100,3.0
419,Paracuru,BR,2021-12-27 23:58:23,-3.41,-39.0306,82.42,80,92,10.33
420,Lorengau,PG,2021-12-28 00:02:43,-2.0226,147.2712,82.4,78,100,3.6
421,Bilma,NE,2021-12-28 00:02:44,18.6853,12.9164,61.2,22,0,10.13
422,Schleiden,DE,2021-12-28 00:02:44,50.5295,6.477,47.59,98,97,13.8
423,Pochutla,MX,2021-12-28 00:02:45,15.7432,-96.4661,75.96,74,0,5.32
424,Saint-Pierre,RE,2021-12-28 00:00:06,-21.3393,55.4781,74.84,82,0,3.44
425,Luau,AO,2021-12-28 00:02:46,-10.7073,22.2247,62.83,98,100,2.77
426,Wodonga,AU,2021-12-28 00:02:46,-36.1167,146.8833,75.11,63,76,5.99
427,Urumqi,CN,2021-12-28 00:35:42,43.801,87.6005,9.55,79,98,2.24
428,Kramat,ID,2021-12-28 00:35:42,-8.1311,113.4499,83.48,69,6,2.37
429,Beloha,MG,2021-12-28 00:35:43,-25.1667,45.05,71.67,85,23,9.95
430,Puertollano,ES,2021-12-28 00:35:43,38.6871,-4.1073,53.19,94,58,10.51
431,Gimbi,ET,2021-12-28 00:35:44,9.1667,35.8333,55.65,78,96,2.84
432,Kahului,US,2021-12-28 00:33:04,20.8947,-156.47,83.46,54,40,12.66
433,Champaign,US,2021-12-28 00:35:45,40.1334,-88.2001,43.5,80,1,5.99
434,Marsh Harbour,BS,2021-12-28 00:35:28,26.5412,-77.0636,74.59,63,0,4.12
435,Palmer,US,2021-12-28 00:34:18,42.1584,-72.3287,33.48,73,90,0.0
436,Hami,CN,2021-12-28 00:35:46,42.8,93.45,18.25,34,6,2.17
437,Kabin Buri,TH,2021-12-28 00:35:46,13.9511,101.7177,71.94,64,93,8.79
438,Smithers,CA,2021-12-28 00:35:47,54.7804,-127.1743,-9.08,77,20,3.44
439,Katiola,CI,2021-12-28 00:35:47,8.1333,-5.1,79.43,29,80,3.4
440,Yulara,AU,2021-12-28 00:35:48,-25.2406,130.9889,85.84,13,0,21.85
441,Cayenne,GF,2021-12-28 00:35:48,4.9333,-52.3333,81.09,85,75,4.0
442,Boyolangu,ID,2021-12-28 00:35:49,-8.1181,111.8935,81.84,74,76,3.89
443,Paramonga,PE,2021-12-28 00:35:49,-10.6667,-77.8333,68.79,85,100,5.97
444,Sault Sainte Marie,CA,2021-12-28 00:30:58,46.5168,-84.3333,27.16,83,90,6.91
445,Pueblo Nuevo,MX,2021-12-28 00:35:50,23.3833,-105.3833,49.66,77,0,1.63
446,Martapura,ID,2021-12-28 00:35:50,-3.4167,114.85,75.29,100,20,3.44
447,Bystryy Istok,RU,2021-12-28 00:35:51,52.371,84.3873,8.76,97,100,1.92
448,Denpasar,ID,2021-12-28 00:30:52,-8.65,115.2167,78.46,94,75,5.75
449,Boshnyakovo,RU,2021-12-28 00:35:51,49.6333,142.1667,2.14,84,100,14.27
450,Anadyr,RU,2021-12-28 00:35:52,64.75,177.4833,7.3,85,75,0.0
451,Los Llanos De Aridane,ES,2021-12-28 00:35:54,28.6585,-17.9182,64.15,88,75,5.99
452,Cockburn Town,TC,2021-12-28 00:35:54,21.4612,-71.1419,76.96,69,40,6.91
453,Shingu,JP,2021-12-28 00:35:54,33.7333,135.9833,45.91,49,36,8.75
454,Aberdeen,GB,2021-12-28 00:35:55,57.1437,-2.0981,37.89,96,90,4.61
455,Conceicao Do Araguaia,BR,2021-12-28 00:36:55,-8.2578,-49.2647,70.86,98,73,3.85
456,Kirkwall,GB,2021-12-28 00:36:56,58.9848,-2.9587,41.05,87,90,1.14
457,Kez,RU,2021-12-28 00:36:56,57.8979,53.7152,1.0,96,100,7.29
458,Canandaigua,US,2021-12-28 00:36:57,42.8742,-77.288,35.85,90,100,7.0
459,Manali,IN,2021-12-28 00:36:57,13.1667,80.2667,79.07,82,100,6.76
460,Imbituba,BR,2021-12-28 00:36:58,-28.24,-48.6703,75.09,88,24,5.1
461,Saintes,FR,2021-12-28 00:36:58,45.6667,-0.75,55.81,93,100,25.23
462,Petropavlovsk-Kamchatskiy,RU,2021-12-28 00:36:59,53.0452,158.6483,27.19,80,75,8.95
463,Glenwood Springs,US,2021-12-28 00:36:59,39.5505,-107.3248,33.6,86,90,18.41
464,Grindavik,IS,2021-12-28 00:37:00,63.8424,-22.4338,27.07,68,0,21.85
465,Seoul,KR,2021-12-28 00:37:00,37.5683,126.9778,22.44,93,75,2.3
466,Tessalit,ML,2021-12-28 00:37:01,20.1986,1.0114,64.2,23,22,8.72
467,Wala,CM,2021-12-28 00:37:01,4.578,12.3154,69.76,84,99,2.86
468,Lianran,CN,2021-12-28 00:37:02,24.9227,102.485,43.34,85,100,4.85
469,Saquarema,BR,2021-12-28 00:37:02,-22.92,-42.5103,73.42,84,98,2.06
470,Pacific Grove,US,2021-12-28 00:35:46,36.6177,-121.9166,50.67,77,97,3.0
471,Bandarbeyla,SO,2021-12-28 00:37:03,9.4942,50.8122,75.56,67,60,10.58
472,Cap Malheureux,MU,2021-12-28 00:37:04,-19.9842,57.6142,77.49,83,20,3.0
473,Kamaishi,JP,2021-12-28 00:37:04,39.2667,141.8833,23.95,46,14,10.89
474,Karratha,AU,2021-12-28 00:37:05,-20.7377,116.8463,99.1,23,79,16.51
475,Pietersburg,ZA,2021-12-28 00:37:05,-23.9045,29.4688,63.45,94,18,1.14
476,Abonnema,NG,2021-12-28 00:37:06,4.7084,6.7931,79.63,83,98,6.82
477,Chokurdakh,RU,2021-12-28 00:37:06,70.6333,147.9167,-37.91,100,92,4.56
478,Natchez,US,2021-12-28 00:36:48,31.5604,-91.4032,73.62,68,40,6.91
479,Birobidzhan,RU,2021-12-28 00:37:07,48.8,132.95,-16.08,87,13,1.54
480,Astana,KZ,2021-12-28 00:32:11,51.1801,71.446,12.15,85,100,22.37
481,Bata,GQ,2021-12-28 00:37:07,1.8639,9.7658,79.11,86,100,7.67
482,Carmen,MX,2021-12-28 00:37:08,18.6333,-91.8333,78.84,78,1,6.91
483,Gazanjyk,TM,2021-12-28 00:37:08,39.2446,55.5154,37.69,61,68,1.74
484,Laguna,US,2021-12-28 00:35:42,38.421,-121.4238,50.09,80,40,1.99
485,Talagang,PK,2021-12-28 00:37:09,32.9297,72.4158,43.7,83,2,3.0
486,Tilichiki,RU,2021-12-28 00:33:19,60.4667,166.1,-9.76,97,100,14.32
487,Ballina,AU,2021-12-28 00:37:10,-28.8667,153.5667,73.44,74,75,19.57
488,Chateaubelair,VC,2021-12-28 00:37:10,13.2833,-61.25,79.41,76,83,9.51
489,Maine-Soroa,NE,2021-12-28 00:37:11,13.2114,12.0241,65.61,19,6,10.29
490,Vostok,RU,2021-12-28 00:37:11,46.4856,135.8833,-12.95,92,100,5.41
491,Plettenberg Bay,ZA,2021-12-28 00:37:12,-34.0527,23.3716,62.89,92,97,6.42
492,Roald,NO,2021-12-28 00:37:13,62.5833,6.1333,35.74,55,20,14.97
493,Muros,ES,2021-12-28 00:37:13,42.7762,-9.0603,62.1,88,100,18.52
494,Grand Gaube,MU,2021-12-28 00:37:14,-20.0064,57.6608,77.4,83,19,3.0
495,Disna,BY,2021-12-28 00:37:14,55.568,28.1971,13.53,96,36,5.03
496,Lanxi,CN,2021-12-28 00:37:15,29.2195,119.477,38.84,35,91,2.55
497,Shasta Lake,US,2021-12-28 00:37:15,40.6804,-122.3708,45.32,55,100,3.98
498,Limanowa,PL,2021-12-28 00:37:16,49.7059,20.422,21.9,94,78,2.91
499,Gueret,FR,2021-12-28 00:37:16,46.1667,1.8667,48.83,93,100,16.22
500,San Pedro,PH,2021-12-28 00:38:17,14.35,121.0167,78.03,76,75,3.44
501,Pilikwe,BW,2021-12-28 00:38:17,-22.799,27.1938,69.78,75,12,1.48
502,Aljezur,PT,2021-12-28 00:38:18,37.3191,-8.8033,61.74,98,72,6.69
503,Verkhnyaya Inta,RU,2021-12-28 00:38:18,65.9811,60.3094,-3.14,91,100,2.91
504,Ewa Beach,US,2021-12-28 00:38:19,21.3156,-158.0072,82.35,55,1,11.99
505,Mehamn,NO,2021-12-28 00:38:19,71.0357,27.8492,24.17,61,100,11.12
506,Puerto Baquerizo Moreno,EC,2021-12-28 00:38:20,-0.9,-89.6,69.73,83,100,13.02
507,Terrace,CA,2021-12-28 00:38:20,54.5163,-128.6035,3.42,65,20,17.27
508,San Carlos,VE,2021-12-28 00:38:21,9.6612,-68.5827,75.63,73,96,5.23
509,Ostrovnoy,RU,2021-12-28 00:38:21,68.0531,39.5131,7.79,87,100,7.72
510,Bagdarin,RU,2021-12-28 00:38:22,54.4333,113.6,-11.47,95,49,5.3
511,Buchanan,LR,2021-12-28 00:38:22,5.8808,-10.0467,79.77,84,92,6.11
512,Kavieng,PG,2021-12-28 00:38:22,-2.5744,150.7967,83.12,75,77,4.56
513,Henties Bay,NA,2021-12-28 00:38:23,-22.116,14.2845,62.85,92,52,6.17
514,Sorkjosen,NO,2021-12-28 00:38:24,69.8,20.9333,21.45,86,100,8.5
515,Port-Gentil,GA,2021-12-28 00:38:24,-0.7193,8.7815,80.06,81,100,11.72
516,Dawson Creek,CA,2021-12-28 00:38:25,55.7666,-120.2362,-13.36,77,40,0.0
517,Xichang,CN,2021-12-28 00:38:25,27.8964,102.2634,39.79,87,18,0.56
518,Elbistan,TR,2021-12-28 00:38:26,38.2059,37.1983,18.68,83,30,2.01
519,Tual,ID,2021-12-28 00:38:26,-5.6667,132.75,82.72,80,100,30.6
520,Madang,PG,2021-12-28 00:38:26,-5.2246,145.7966,85.84,67,100,2.95
521,Khatra,IN,2021-12-28 00:38:27,22.9833,86.85,66.02,81,100,1.32
522,Borogontsy,RU,2021-12-28 00:38:27,62.6683,131.1683,-46.57,96,100,1.68
523,Lenger,KZ,2021-12-28 00:38:28,42.183,69.8839,11.64,49,0,5.64
524,Santa Maria,BR,2021-12-28 00:38:28,-29.6842,-53.8069,76.3,53,20,2.3
525,Moussoro,TD,2021-12-28 00:38:29,13.6408,16.4901,69.89,21,43,13.2
526,Araouane,ML,2021-12-28 00:38:30,18.9048,-3.5265,67.15,21,100,13.0
527,Warrington,GB,2021-12-28 00:38:30,53.3925,-2.5802,49.15,94,90,1.01
528,Hella,NO,2021-12-28 00:38:31,67.2,14.4333,30.88,58,20,21.85
529,Coihueco,CL,2021-12-28 00:38:31,-36.6167,-71.8333,77.83,27,100,6.78
530,Esperance,AU,2021-12-28 00:38:32,-33.8667,121.9,69.64,53,0,11.18
531,Zhuhai,CN,2021-12-28 00:38:32,22.2769,113.5678,58.98,76,40,17.27
532,Sobolevo,RU,2021-12-28 00:38:33,54.4299,31.8996,9.57,97,52,5.1
533,Manyana,BW,2021-12-28 00:38:33,-23.4,21.7167,67.28,26,90,1.74
534,Lata,PT,2021-12-28 00:38:34,40.1629,-8.3327,59.04,94,92,5.39
535,Kilindoni,TZ,2021-12-28 00:38:34,-7.9139,39.6668,82.0,76,91,9.24
536,Adrar,MR,2021-12-28 00:38:34,20.5022,-10.0711,68.04,22,100,9.71
537,Aneho,TG,2021-12-28 00:38:35,6.2333,1.6,82.6,81,99,11.03
538,Olga,RU,2021-12-28 00:38:35,43.7444,135.2892,3.76,47,0,9.15
539,Anshun,CN,2021-12-28 00:38:36,26.25,105.9333,32.9,93,100,4.36
540,North Bend,US,2021-12-28 00:38:37,43.4065,-124.2243,37.31,94,90,10.36
541,Lac Du Bonnet,CA,2021-12-28 00:38:37,50.2536,-96.0612,13.62,97,100,3.65
542,Ilhabela,BR,2021-12-28 00:34:38,-23.7781,-45.3581,73.02,78,21,3.47
543,Haapiti,PF,2021-12-28 00:38:38,-17.5667,-149.8667,80.33,69,100,4.88
544,Belyy Yar,RU,2021-12-28 00:38:38,53.6039,91.3903,-2.31,84,100,2.24
545,Talcahuano,CL,2021-12-28 00:38:39,-36.7167,-73.1167,62.06,70,100,9.51
546,Baldone,LV,2021-12-28 00:38:39,56.7428,24.3944,20.95,96,97,4.5
547,Honningsvag,NO,2021-12-28 00:38:40,70.9821,25.9704,27.81,57,100,5.32
548,Ranghulu,CN,2021-12-28 00:38:40,46.65,124.8667,-2.54,84,89,9.55
549,Pacifica,US,2021-12-28 00:38:41,37.6138,-122.4869,48.69,76,75,11.99
550,Redmond,US,2021-12-28 00:38:12,47.674,-122.1215,25.2,81,100,1.01
551,Itarema,BR,2021-12-28 00:39:41,-2.9248,-39.9167,79.63,82,35,10.89
552,Mulchen,CL,2021-12-28 00:39:42,-37.7167,-72.2333,71.1,44,94,8.86
553,Waddan,LY,2021-12-28 00:39:42,29.1614,16.139,56.55,36,84,6.22
554,Kawalu,ID,2021-12-28 00:39:43,-7.3817,108.2082,79.83,79,54,0.18
555,Napier,NZ,2021-12-28 00:39:44,-39.4833,176.9167,77.29,66,100,8.01
556,Tera,NE,2021-12-28 00:39:44,14.0078,0.7531,69.19,14,97,12.39
557,Langsa,ID,2021-12-28 00:39:45,4.4683,97.9683,76.62,82,100,2.73
558,Brylivka,UA,2021-12-28 00:39:45,46.4248,33.1472,35.38,99,100,17.96
559,Kangaatsiaq,GL,2021-12-28 00:39:46,68.3065,-53.4641,2.44,88,28,5.7
560,Vuktyl,RU,2021-12-28 00:39:46,63.8567,57.3094,4.98,94,100,7.27
561,Kolosovka,RU,2021-12-28 00:39:47,56.4678,73.611,18.36,94,100,11.52
562,Onda,ES,2021-12-28 00:39:47,39.9667,-0.25,63.03,62,100,11.32
563,Vila,PT,2021-12-28 00:39:48,42.0304,-8.1588,49.75,91,100,7.18
564,Launceston,AU,2021-12-28 00:39:48,-41.45,147.1667,69.62,51,6,5.99
565,Wucheng,CN,2021-12-28 00:39:49,29.6008,118.175,40.73,36,73,1.12
566,Tateyama,JP,2021-12-28 00:39:49,34.9833,139.8667,46.09,48,34,9.93
567,Elizabeth City,US,2021-12-28 00:38:13,36.2946,-76.2511,59.02,82,90,0.0
568,Atagay,RU,2021-12-28 00:39:50,55.1033,99.3875,-12.42,100,73,2.04
569,Huilong,CN,2021-12-28 00:39:50,31.8111,121.655,40.03,37,7,1.5
570,Nassau,US,2021-12-28 00:36:30,40.7507,-73.5829,38.7,71,90,1.99
571,Brindisi,IT,2021-12-28 00:39:51,40.5833,17.6667,54.14,88,100,7.05
572,Maceio,BR,2021-12-28 00:35:19,-9.6658,-35.7353,78.24,94,75,1.14
573,Soe,ID,2021-12-28 00:39:52,-9.8607,124.284,72.19,78,100,5.91
574,Yanam,IN,2021-12-28 00:39:52,16.7333,82.2167,68.4,89,4,2.35
575,Taunusstein,DE,2021-12-28 00:39:53,50.15,8.15,45.88,98,100,1.99
576,Ende,ID,2021-12-28 00:38:11,-8.8432,121.6623,84.04,69,84,2.26
577,Ust-Kuyga,RU,2021-12-28 00:39:53,70.0167,135.6,-18.76,99,98,5.68
578,Petropavl,KZ,2021-12-28 00:39:54,54.8753,69.1628,21.06,93,100,10.92
579,Bani,DO,2021-12-28 00:39:54,18.2833,-70.3333,73.45,75,5,11.1
580,Chongqing,CN,2021-12-28 00:39:55,29.5628,106.5528,44.22,81,90,4.0
581,Cururupu,BR,2021-12-28 00:39:55,-1.8283,-44.8683,74.82,95,95,3.0
582,Rapu-Rapu,PH,2021-12-28 00:39:56,13.1866,124.1256,79.3,77,86,25.57
583,Amos,CA,2021-12-28 00:39:56,48.5669,-78.1162,5.27,89,100,6.31
584,Sabha,LY,2021-12-28 00:39:57,27.0377,14.4283,57.09,29,7,8.79
585,Lithakia,GR,2021-12-28 00:39:57,37.7167,20.8333,60.58,85,100,10.67
586,Akureyri,IS,2021-12-28 00:39:58,65.6835,-18.0878,30.13,86,90,13.8
587,Singkang,MY,2021-12-28 00:39:58,2.1006,102.7994,75.09,85,100,6.15
588,Ialibu,PG,2021-12-28 00:39:59,-6.2821,143.9935,63.23,69,69,3.0
589,Roma,US,2021-12-28 00:39:06,43.2128,-75.4557,35.11,82,90,10.36
590,Manono,CD,2021-12-28 00:40:00,-7.3,27.4167,66.02,94,100,0.81
591,Krasnyy Chikoy,RU,2021-12-28 00:40:00,50.3643,108.7512,-4.54,98,100,3.51
592,Antofagasta,CL,2021-12-28 00:40:00,-23.65,-70.4,66.43,83,19,5.59
593,Khandyga,RU,2021-12-28 00:40:01,62.6667,135.6,-58.11,100,62,1.32
594,Russell,US,2021-12-28 00:36:04,32.3502,-85.1999,69.08,94,20,5.75
